feature,importance
seq_size_01,0.3929305236405404
seq_iat_02,0.23375569544440422
seq_iat_01,0.23206455033044854
entropy,0.1363741634320679
seq_size_02,0.12818655944860657
seq_size_04,0.12335810671629907
seq_iat_03,0.07768108745791427
seq_iat_04,0.055550724573013154
seq_size_03,0.03125469017100755
seq_dir_04,0.026087739676605538
seq_size_00,0.006371046539385939
seq_dir_01,0.0063694805402979785
seq_dir_02,0.004630065400169192
seq_dir_00,0.0
seq_iat_00,0.0
seq_dir_03,-0.001293753991207569
